<?xml version="1.0" encoding="utf-8"?>
<project xmlns="http://www.plcopen.org/xml/tc6_0200">
  <fileHeader companyName="Beckhoff Automation GmbH" productName="TwinCAT PLC Control" productVersion="3.5.13.21" creationDateTime="2022-08-21T13:19:37.4859706" />
  <contentHeader name="mainPLC" modificationDateTime="2022-08-21T13:19:37.487966">
    <coordinateInfo>
      <fbd>
        <scaling x="1" y="1" />
      </fbd>
      <ld>
        <scaling x="1" y="1" />
      </ld>
      <sfc>
        <scaling x="1" y="1" />
      </sfc>
    </coordinateInfo>
    <addData>
      <data name="http://www.3s-software.com/plcopenxml/projectinformation" handleUnknown="implementation">
        <ProjectInformation />
      </data>
    </addData>
  </contentHeader>
  <types>
    <dataTypes />
    <pous>
      <pou name="MAIN" pouType="program">
        <interface>
          <localVars>
            <variable name="PosDegree" address="%I*">
              <type>
                <REAL />
              </type>
              <initialValue>
                <simpleValue value="0" />
              </initialValue>
              <documentation>
                <xhtml xmlns="http://www.w3.org/1999/xhtml"> in deg</xhtml>
              </documentation>
            </variable>
            <variable name="PosPiston" address="%I*">
              <type>
                <REAL />
              </type>
              <initialValue>
                <simpleValue value="0" />
              </initialValue>
              <documentation>
                <xhtml xmlns="http://www.w3.org/1999/xhtml"> in mm</xhtml>
              </documentation>
            </variable>
            <variable name="velocity" address="%Q*">
              <type>
                <REAL />
              </type>
              <initialValue>
                <simpleValue value="0" />
              </initialValue>
              <documentation>
                <xhtml xmlns="http://www.w3.org/1999/xhtml"> in deg/s</xhtml>
              </documentation>
            </variable>
            <variable name="cycleTime">
              <type>
                <REAL />
              </type>
              <initialValue>
                <simpleValue value="0.01" />
              </initialValue>
              <documentation>
                <xhtml xmlns="http://www.w3.org/1999/xhtml"> in sec</xhtml>
              </documentation>
            </variable>
          </localVars>
        </interface>
        <body>
          <ST>
            <xhtml xmlns="http://www.w3.org/1999/xhtml">// Position of Disc
PosDegree := PosDegree + velocity*cycleTime;
WHILE PosDegree &gt; 360 DO
	PosDegree := PosDegree -360;
END_WHILE


// Position of Piston    
PosPiston := 13 + COS(PosDegree*pi/180)*9 + SQRT(EXPT(25,2)-EXPT((SIN(PosDegree*pi/180 )*9),2));

</xhtml>
          </ST>
        </body>
        <addData>
          <data name="http://www.3s-software.com/plcopenxml/interfaceasplaintext" handleUnknown="implementation">
            <InterfaceAsPlainText>
              <xhtml xmlns="http://www.w3.org/1999/xhtml">PROGRAM MAIN
VAR	
	PosDegree AT %I*	: REAL	:= 0;		// in deg
	PosPiston AT %I*	: REAL	:= 0;		// in mm
	velocity AT %Q*		: REAL	:= 0;		// in deg/s
	
	cycleTime 			: REAL := 0.01;		// in sec
END_VAR
</xhtml>
            </InterfaceAsPlainText>
          </data>
          <data name="http://www.3s-software.com/plcopenxml/objectid" handleUnknown="discard">
            <ObjectId>05518f30-63f5-43e5-a500-2e4c842868d1</ObjectId>
          </data>
        </addData>
      </pou>
    </pous>
  </types>
  <instances>
    <configurations />
  </instances>
  <addData>
    <data name="http://www.3s-software.com/plcopenxml/projectstructure" handleUnknown="discard">
      <ProjectStructure>
        <Object Name="MAIN" ObjectId="05518f30-63f5-43e5-a500-2e4c842868d1" />
      </ProjectStructure>
    </data>
  </addData>
</project>