<?xml version="1.0" encoding="utf-8"?>
<project xmlns="http://www.plcopen.org/xml/tc6_0200">
  <fileHeader companyName="Beckhoff Automation GmbH" productName="TwinCAT PLC Control" productVersion="3.5.13.21" creationDateTime="2022-06-12T18:07:28.7209284" />
  <contentHeader name="Main" modificationDateTime="2022-06-12T18:07:28.7229285">
    <coordinateInfo>
      <fbd>
        <scaling x="1" y="1" />
      </fbd>
      <ld>
        <scaling x="1" y="1" />
      </ld>
      <sfc>
        <scaling x="1" y="1" />
      </sfc>
    </coordinateInfo>
    <addData>
      <data name="http://www.3s-software.com/plcopenxml/projectinformation" handleUnknown="implementation">
        <ProjectInformation />
      </data>
    </addData>
  </contentHeader>
  <types>
    <dataTypes />
    <pous>
      <pou name="MAIN" pouType="program">
        <interface>
          <localVars>
            <variable name="velocity" address="%I*">
              <type>
                <INT />
              </type>
              <documentation>
                <xhtml xmlns="http://www.w3.org/1999/xhtml"> nDataOut2[0] . nDataOut2 . Out . Ausgänge . Drive . ConveyorMotorAxis . ConveyorMotorAxis . Achsen . NC-Task 1 SAF</xhtml>
              </documentation>
            </variable>
            <variable name="counterValue" address="%Q*">
              <type>
                <UINT />
              </type>
              <initialValue>
                <simpleValue value="0" />
              </initialValue>
              <documentation>
                <xhtml xmlns="http://www.w3.org/1999/xhtml">nDataIn1[0] . nDataIn1 . In . Eingänge . Enc . ConveyorMotorAxis . ConveyorMotorAxis . Achsen . NC-Task 1 SAF</xhtml>
              </documentation>
            </variable>
            <variable name="driveInState1" address="%Q*">
              <type>
                <USINT />
              </type>
              <documentation>
                <xhtml xmlns="http://www.w3.org/1999/xhtml"> State of the hardware motor module</xhtml>
              </documentation>
            </variable>
            <variable name="ModelToPLC">
              <type>
                <DWORD />
              </type>
              <initialValue>
                <simpleValue value="0" />
              </initialValue>
              <documentation>
                <xhtml xmlns="http://www.w3.org/1999/xhtml"> empty (1), driveInState1 (1), counterValue (2)</xhtml>
              </documentation>
            </variable>
            <variable name="PLCToModel">
              <type>
                <DWORD />
              </type>
              <initialValue>
                <simpleValue value="0" />
              </initialValue>
              <documentation>
                <xhtml xmlns="http://www.w3.org/1999/xhtml"> empty (2), velocity (2)</xhtml>
              </documentation>
            </variable>
          </localVars>
        </interface>
        <body>
          <ST>
            <xhtml xmlns="http://www.w3.org/1999/xhtml">// Communication
// ToPlc
counterValue := DWORD_TO_UINT(ModelToPLC AND 16#00_00_FF_FF);
driveInState1 := DWORD_TO_USINT(SHR((ModelToPLC AND 16#00_FF_00_00),16));


// ToModel
PLCToModel := 0;
PLCToModel := SHL((PLCToModel OR velocity),0);</xhtml>
          </ST>
        </body>
        <addData>
          <data name="http://www.3s-software.com/plcopenxml/interfaceasplaintext" handleUnknown="implementation">
            <InterfaceAsPlainText>
              <xhtml xmlns="http://www.w3.org/1999/xhtml">PROGRAM MAIN
VAR
	velocity		AT%I*	: INT;		// nDataOut2[0] . nDataOut2 . Out . Ausgänge . Drive . ConveyorMotorAxis . ConveyorMotorAxis . Achsen . NC-Task 1 SAF
	counterValue 	AT%Q*	: UINT := 0;		//nDataIn1[0] . nDataIn1 . In . Eingänge . Enc . ConveyorMotorAxis . ConveyorMotorAxis . Achsen . NC-Task 1 SAF
	driveInState1	AT%Q*	: USINT;	// State of the hardware motor module
	
	
	ModelToPLC		: DWORD := 0;		// empty (1), driveInState1 (1), counterValue (2)
	PLCToModel		: DWORD := 0;		// empty (2), velocity (2)
END_VAR
</xhtml>
            </InterfaceAsPlainText>
          </data>
          <data name="http://www.3s-software.com/plcopenxml/objectid" handleUnknown="discard">
            <ObjectId>89812e0b-772f-4aaa-8733-9c5b26190d90</ObjectId>
          </data>
        </addData>
      </pou>
    </pous>
  </types>
  <instances>
    <configurations />
  </instances>
  <addData>
    <data name="http://www.3s-software.com/plcopenxml/projectstructure" handleUnknown="discard">
      <ProjectStructure>
        <Object Name="MAIN" ObjectId="89812e0b-772f-4aaa-8733-9c5b26190d90" />
      </ProjectStructure>
    </data>
  </addData>
</project>