﻿<?xml version="1.0" encoding="utf-8"?>
<project xmlns="http://www.plcopen.org/xml/tc6_0200">
  <fileHeader companyName="Beckhoff Automation GmbH" productName="TwinCAT PLC Control" productVersion="3.5.13.21" creationDateTime="2022-06-25T17:00:22.8369373" />
  <contentHeader name="mainPLC" modificationDateTime="2022-06-25T17:00:22.8395608">
    <coordinateInfo>
      <fbd>
        <scaling x="1" y="1" />
      </fbd>
      <ld>
        <scaling x="1" y="1" />
      </ld>
      <sfc>
        <scaling x="1" y="1" />
      </sfc>
    </coordinateInfo>
    <addData>
      <data name="http://www.3s-software.com/plcopenxml/projectinformation" handleUnknown="implementation">
        <ProjectInformation />
      </data>
    </addData>
  </contentHeader>
  <types>
    <dataTypes />
    <pous>
      <pou name="MAIN" pouType="program">
        <interface>
          <localVars>
            <variable name="PosDegree" address="%I*">
              <type>
                <REAL />
              </type>
              <initialValue>
                <simpleValue value="0" />
              </initialValue>
            </variable>
            <variable name="PosPiston" address="%I*">
              <type>
                <REAL />
              </type>
              <initialValue>
                <simpleValue value="0" />
              </initialValue>
            </variable>
            <variable name="velocity" address="%Q*">
              <type>
                <REAL />
              </type>
              <initialValue>
                <simpleValue value="0" />
              </initialValue>
            </variable>
          </localVars>
        </interface>
        <body>
          <ST>
            <xhtml xmlns="http://www.w3.org/1999/xhtml" />
          </ST>
        </body>
        <addData>
          <data name="http://www.3s-software.com/plcopenxml/interfaceasplaintext" handleUnknown="implementation">
            <InterfaceAsPlainText>
              <xhtml xmlns="http://www.w3.org/1999/xhtml">PROGRAM MAIN
VAR	
	PosDegree AT %I*	: REAL	:= 0;
	PosPiston AT %I*	: REAL	:= 0;
	velocity AT %Q*		: REAL	:= 0;
END_VAR
</xhtml>
            </InterfaceAsPlainText>
          </data>
          <data name="http://www.3s-software.com/plcopenxml/objectid" handleUnknown="discard">
            <ObjectId>05518f30-63f5-43e5-a500-2e4c842868d1</ObjectId>
          </data>
        </addData>
      </pou>
    </pous>
  </types>
  <instances>
    <configurations />
  </instances>
  <addData>
    <data name="http://www.3s-software.com/plcopenxml/projectstructure" handleUnknown="discard">
      <ProjectStructure>
        <Object Name="MAIN" ObjectId="05518f30-63f5-43e5-a500-2e4c842868d1" />
      </ProjectStructure>
    </data>
  </addData>
</project>