﻿<?xml version="1.0" encoding="utf-8"?>
<project xmlns="http://www.plcopen.org/xml/tc6_0200">
  <fileHeader companyName="Beckhoff Automation GmbH" productName="TwinCAT PLC Control" productVersion="3.5.13.21" creationDateTime="2022-08-13T15:46:57.5102704" />
  <contentHeader name="PlcMain" modificationDateTime="2022-08-13T15:46:57.5102704">
    <coordinateInfo>
      <fbd>
        <scaling x="1" y="1" />
      </fbd>
      <ld>
        <scaling x="1" y="1" />
      </ld>
      <sfc>
        <scaling x="1" y="1" />
      </sfc>
    </coordinateInfo>
    <addData>
      <data name="http://www.3s-software.com/plcopenxml/projectinformation" handleUnknown="implementation">
        <ProjectInformation />
      </data>
    </addData>
  </contentHeader>
  <types>
    <dataTypes />
    <pous>
      <pou name="FB_Conveyor" pouType="functionBlock">
        <interface>
          <inputVars>
            <variable name="bEnable">
              <type>
                <BOOL />
              </type>
            </variable>
            <variable name="bExecute">
              <type>
                <BOOL />
              </type>
            </variable>
            <variable name="eDirection">
              <type>
                <derived name="MC_Direction" />
              </type>
              <initialValue>
                <simpleValue value="MC_Positive_Direction" />
              </initialValue>
            </variable>
            <variable name="nVel">
              <type>
                <INT />
              </type>
              <initialValue>
                <simpleValue value="25" />
              </initialValue>
              <documentation>
                <xhtml xmlns="http://www.w3.org/1999/xhtml"> mm per s</xhtml>
              </documentation>
            </variable>
          </inputVars>
          <outputVars>
            <variable name="eStatus">
              <type>
                <derived name="State" />
              </type>
              <initialValue>
                <simpleValue value="State.Off" />
              </initialValue>
            </variable>
          </outputVars>
          <inOutVars>
            <variable name="ax">
              <type>
                <derived name="AXIS_REF" />
              </type>
              <documentation>
                <xhtml xmlns="http://www.w3.org/1999/xhtml"> axis reference</xhtml>
              </documentation>
            </variable>
          </inOutVars>
          <localVars>
            <variable name="fbReset">
              <type>
                <derived name="MC_Reset" />
              </type>
              <documentation>
                <xhtml xmlns="http://www.w3.org/1999/xhtml"> NC FBs</xhtml>
              </documentation>
            </variable>
            <variable name="fbPower">
              <type>
                <derived name="MC_Power" />
              </type>
            </variable>
            <variable name="fbMove">
              <type>
                <derived name="MC_MoveVelocity" />
              </type>
            </variable>
            <variable name="fbHalt">
              <type>
                <derived name="MC_Halt" />
              </type>
            </variable>
            <variable name="bAxPower">
              <type>
                <BOOL />
              </type>
            </variable>
            <variable name="bAxMove">
              <type>
                <BOOL />
              </type>
            </variable>
            <variable name="eState">
              <type>
                <derived name="StateCnv" />
              </type>
              <documentation>
                <xhtml xmlns="http://www.w3.org/1999/xhtml"> state</xhtml>
              </documentation>
            </variable>
          </localVars>
        </interface>
        <body>
          <ST>
            <xhtml xmlns="http://www.w3.org/1999/xhtml">// update axis
ax.ReadStatus();

// call NC FBs
fbReset(
	Axis:= ax);
fbPower(
	Axis:= ax, 
	Enable:= bAxPower, 
	Enable_Positive:= bAxPower, 
	Enable_Negative:= bAxPower, 
	Override:= 100);
fbMove(
	Axis:= ax,
	Execute:=bAxMove,
	Velocity:= nVel, 
	Direction:= eDirection);
fbHalt(
	Axis:= ax, 
	Execute:= NOT bAxMove);
	
IF NOT bEnable THEN
	eState := StateCnv.Off;
END_IF

CASE eState OF
StateCnv.Off:
	eStatus := State.Off;
	bAxPower := FALSE;
	bAxMove := FALSE;
	
	IF bEnable THEN
		eState := StateCnv.Reset;
	END_IF
StateCnv.Reset:
	eStatus := State.Busy;
	fbReset.Execute := TRUE;
	
	IF fbReset.Done THEN
		eState := StateCnv.Power;
	END_IF
StateCnv.Power:
	eStatus := State.Busy;
	bAxPower := TRUE;
	
	IF fbPower.Status THEN
		eState := StateCnv.Ready;
	END_IF
StateCnv.Ready:
	eStatus := State.Ready;
	bAxMove := FALSE;
	
	IF bExecute THEN
		eState := StateCnv.Moving;
	END_IF
StateCnv.Moving:
	eStatus := State.Busy;
	bAxMove := TRUE;
	
	IF NOT bExecute THEN
		eState := StateCnv.Ready;
	END_IF
END_CASE</xhtml>
          </ST>
        </body>
        <addData>
          <data name="http://www.3s-software.com/plcopenxml/interfaceasplaintext" handleUnknown="implementation">
            <InterfaceAsPlainText>
              <xhtml xmlns="http://www.w3.org/1999/xhtml">FUNCTION_BLOCK FB_Conveyor
VAR_INPUT
	bEnable : BOOL;
	bExecute: BOOL;
	eDirection : MC_Direction := MC_Positive_Direction;
	nVel	: INT := 25; // mm per s
END_VAR
VAR_OUTPUT
	eStatus : State := State.Off;
END_VAR
VAR_IN_OUT
	ax : AXIS_REF; // axis reference
END_VAR
VAR
	// NC FBs
	fbReset : MC_Reset;
	fbPower : MC_Power;
	fbMove  : MC_MoveVelocity;
	fbHalt  : MC_Halt;
	
	bAxPower : BOOL;
	bAxMove : BOOL;
	
	// state
	eState : StateCnv;
END_VAR
</xhtml>
            </InterfaceAsPlainText>
          </data>
          <data name="http://www.3s-software.com/plcopenxml/objectid" handleUnknown="discard">
            <ObjectId>fbe14543-a9c7-41a4-8387-253afb962875</ObjectId>
          </data>
        </addData>
      </pou>
    </pous>
  </types>
  <instances>
    <configurations />
  </instances>
  <addData>
    <data name="http://www.3s-software.com/plcopenxml/projectstructure" handleUnknown="discard">
      <ProjectStructure>
        <Object Name="FB_Conveyor" ObjectId="fbe14543-a9c7-41a4-8387-253afb962875" />
      </ProjectStructure>
    </data>
  </addData>
</project>