<?xml version="1.0" encoding="utf-8"?>
<ParamWithValueList xmlns:xsd="http://www.w3.org/2001/XMLSchema" xmlns:xsi="http://www.w3.org/2001/XMLSchema-instance">
  <version>20080502</version>
  <parameterTypes>
    <ParamType>
      <typeName>Inventor</typeName>
      <typeCode>0</typeCode>
    </ParamType>
    <ParamType>
      <typeName>String</typeName>
      <typeCode>1</typeCode>
    </ParamType>
    <ParamType>
      <typeName>Boolean</typeName>
      <typeCode>2</typeCode>
    </ParamType>
  </parameterTypes>
  <parameters>
    <ParamWithValue>
      <name>d10</name>
      <typeCode>mm</typeCode>
      <value>0.000 mm</value>
      <comment />
      <isKey>false</isKey>
    </ParamWithValue>
    <ParamWithValue>
      <name>d11</name>
      <typeCode>mm</typeCode>
      <value>0.000 mm</value>
      <comment />
      <isKey>false</isKey>
    </ParamWithValue>
    <ParamWithValue>
      <name>d12</name>
      <typeCode>mm</typeCode>
      <value>0.000 mm</value>
      <comment />
      <isKey>false</isKey>
    </ParamWithValue>
    <ParamWithValue>
      <name>d15</name>
      <typeCode>mm</typeCode>
      <value>0.000 mm</value>
      <comment />
      <isKey>false</isKey>
    </ParamWithValue>
    <ParamWithValue>
      <name>d16</name>
      <typeCode>mm</typeCode>
      <value>0.000 mm</value>
      <comment />
      <isKey>false</isKey>
    </ParamWithValue>
    <ParamWithValue>
      <name>d17</name>
      <typeCode>mm</typeCode>
      <value>25 mm</value>
      <comment />
      <isKey>false</isKey>
    </ParamWithValue>
    <ParamWithValue>
      <name>d18</name>
      <typeCode>mm</typeCode>
      <value>0.000 mm</value>
      <comment />
      <isKey>false</isKey>
    </ParamWithValue>
    <ParamWithValue>
      <name>d19</name>
      <typeCode>mm</typeCode>
      <value>0.000 mm</value>
      <comment />
      <isKey>false</isKey>
    </ParamWithValue>
    <ParamWithValue>
      <name>d20</name>
      <typeCode>mm</typeCode>
      <value>0.000 mm</value>
      <comment />
      <isKey>false</isKey>
    </ParamWithValue>
    <ParamWithValue>
      <name>d21</name>
      <typeCode>mm</typeCode>
      <value>0.000 mm</value>
      <comment />
      <isKey>false</isKey>
    </ParamWithValue>
    <ParamWithValue>
      <name>d22</name>
      <typeCode>mm</typeCode>
      <value>0.000 mm</value>
      <comment />
      <isKey>false</isKey>
    </ParamWithValue>
    <ParamWithValue>
      <name>d23</name>
      <typeCode>mm</typeCode>
      <value>0.000 mm</value>
      <comment />
      <isKey>false</isKey>
    </ParamWithValue>
    <ParamWithValue>
      <name>d25</name>
      <typeCode>mm</typeCode>
      <value>0.000 mm</value>
      <comment />
      <isKey>false</isKey>
    </ParamWithValue>
    <ParamWithValue>
      <name>d26</name>
      <typeCode>mm</typeCode>
      <value>0.000 mm</value>
      <comment />
      <isKey>false</isKey>
    </ParamWithValue>
    <ParamWithValue>
      <name>d27</name>
      <typeCode>mm</typeCode>
      <value>0.000 mm</value>
      <comment />
      <isKey>false</isKey>
    </ParamWithValue>
    <ParamWithValue>
      <name>d28</name>
      <typeCode>mm</typeCode>
      <value>0.000 mm</value>
      <comment />
      <isKey>false</isKey>
    </ParamWithValue>
    <ParamWithValue>
      <name>d29</name>
      <typeCode>mm</typeCode>
      <value>0.000 mm</value>
      <comment />
      <isKey>false</isKey>
    </ParamWithValue>
    <ParamWithValue>
      <name>d30</name>
      <typeCode>mm</typeCode>
      <value>0.000 mm</value>
      <comment />
      <isKey>false</isKey>
    </ParamWithValue>
    <ParamWithValue>
      <name>d32</name>
      <typeCode>mm</typeCode>
      <value>0.000 mm</value>
      <comment />
      <isKey>false</isKey>
    </ParamWithValue>
    <ParamWithValue>
      <name>d34</name>
      <typeCode>mm</typeCode>
      <value>0.000 mm</value>
      <comment />
      <isKey>false</isKey>
    </ParamWithValue>
    <ParamWithValue>
      <name>d35</name>
      <typeCode>mm</typeCode>
      <value>0.000 mm</value>
      <comment />
      <isKey>false</isKey>
    </ParamWithValue>
    <ParamWithValue>
      <name>d36</name>
      <typeCode>mm</typeCode>
      <value>0.000 mm</value>
      <comment />
      <isKey>false</isKey>
    </ParamWithValue>
    <ParamWithValue>
      <name>d37</name>
      <typeCode>mm</typeCode>
      <value>0.000 mm</value>
      <comment />
      <isKey>false</isKey>
    </ParamWithValue>
    <ParamWithValue>
      <name>d38</name>
      <typeCode>mm</typeCode>
      <value>0.000 mm</value>
      <comment />
      <isKey>false</isKey>
    </ParamWithValue>
    <ParamWithValue>
      <name>d39</name>
      <typeCode>mm</typeCode>
      <value>0.000 mm</value>
      <comment />
      <isKey>false</isKey>
    </ParamWithValue>
    <ParamWithValue>
      <name>d40</name>
      <typeCode>mm</typeCode>
      <value>0.000 mm</value>
      <comment />
      <isKey>false</isKey>
    </ParamWithValue>
    <ParamWithValue>
      <name>d41</name>
      <typeCode>mm</typeCode>
      <value>0.000 mm</value>
      <comment />
      <isKey>false</isKey>
    </ParamWithValue>
    <ParamWithValue>
      <name>d42</name>
      <typeCode>mm</typeCode>
      <value>0.000 mm</value>
      <comment />
      <isKey>false</isKey>
    </ParamWithValue>
    <ParamWithValue>
      <name>d43</name>
      <typeCode>mm</typeCode>
      <value>0.000 mm</value>
      <comment />
      <isKey>false</isKey>
    </ParamWithValue>
    <ParamWithValue>
      <name>d44</name>
      <typeCode>mm</typeCode>
      <value>0.000 mm</value>
      <comment />
      <isKey>false</isKey>
    </ParamWithValue>
    <ParamWithValue>
      <name>d45</name>
      <typeCode>mm</typeCode>
      <value>0.000 mm</value>
      <comment />
      <isKey>false</isKey>
    </ParamWithValue>
    <ParamWithValue>
      <name>d46</name>
      <typeCode>mm</typeCode>
      <value>0.000 mm</value>
      <comment />
      <isKey>false</isKey>
    </ParamWithValue>
    <ParamWithValue>
      <name>d47</name>
      <typeCode>mm</typeCode>
      <value>0.000 mm</value>
      <comment />
      <isKey>false</isKey>
    </ParamWithValue>
    <ParamWithValue>
      <name>d49</name>
      <typeCode>mm</typeCode>
      <value>0.000 mm</value>
      <comment />
      <isKey>false</isKey>
    </ParamWithValue>
    <ParamWithValue>
      <name>d50</name>
      <typeCode>mm</typeCode>
      <value>0.000 mm</value>
      <comment />
      <isKey>false</isKey>
    </ParamWithValue>
    <ParamWithValue>
      <name>d51</name>
      <typeCode>mm</typeCode>
      <value>0.000 mm</value>
      <comment />
      <isKey>false</isKey>
    </ParamWithValue>
    <ParamWithValue>
      <name>d52</name>
      <typeCode>mm</typeCode>
      <value>0.000 mm</value>
      <comment />
      <isKey>false</isKey>
    </ParamWithValue>
    <ParamWithValue>
      <name>d53</name>
      <typeCode>mm</typeCode>
      <value>0.000 mm</value>
      <comment />
      <isKey>false</isKey>
    </ParamWithValue>
    <ParamWithValue>
      <name>d54</name>
      <typeCode>mm</typeCode>
      <value>0.000 mm</value>
      <comment />
      <isKey>false</isKey>
    </ParamWithValue>
    <ParamWithValue>
      <name>d55</name>
      <typeCode>mm</typeCode>
      <value>0.000 mm</value>
      <comment />
      <isKey>false</isKey>
    </ParamWithValue>
    <ParamWithValue>
      <name>d56</name>
      <typeCode>mm</typeCode>
      <value>0.000 mm</value>
      <comment />
      <isKey>false</isKey>
    </ParamWithValue>
    <ParamWithValue>
      <name>d57</name>
      <typeCode>grd</typeCode>
      <value>180 grd</value>
      <comment />
      <isKey>false</isKey>
    </ParamWithValue>
    <ParamWithValue>
      <name>d58</name>
      <typeCode>mm</typeCode>
      <value>0.000 mm</value>
      <comment />
      <isKey>false</isKey>
    </ParamWithValue>
    <ParamWithValue>
      <name>d59</name>
      <typeCode>mm</typeCode>
      <value>0.000 mm</value>
      <comment />
      <isKey>false</isKey>
    </ParamWithValue>
    <ParamWithValue>
      <name>d60</name>
      <typeCode>grd</typeCode>
      <value>180 grd</value>
      <comment />
      <isKey>false</isKey>
    </ParamWithValue>
    <ParamWithValue>
      <name>d61</name>
      <typeCode>mm</typeCode>
      <value>0.000 mm</value>
      <comment />
      <isKey>false</isKey>
    </ParamWithValue>
    <ParamWithValue>
      <name>d62</name>
      <typeCode>mm</typeCode>
      <value>0.000 mm</value>
      <comment />
      <isKey>false</isKey>
    </ParamWithValue>
    <ParamWithValue>
      <name>d63</name>
      <typeCode>mm</typeCode>
      <value>0.000 mm</value>
      <comment />
      <isKey>false</isKey>
    </ParamWithValue>
    <ParamWithValue>
      <name>d64</name>
      <typeCode>mm</typeCode>
      <value>0.000 mm</value>
      <comment />
      <isKey>false</isKey>
    </ParamWithValue>
    <ParamWithValue>
      <name>d65</name>
      <typeCode>grd</typeCode>
      <value>0.00 grd</value>
      <comment />
      <isKey>false</isKey>
    </ParamWithValue>
    <ParamWithValue>
      <name>d66</name>
      <typeCode>mm</typeCode>
      <value>0.000 mm</value>
      <comment />
      <isKey>false</isKey>
    </ParamWithValue>
    <ParamWithValue>
      <name>d67</name>
      <typeCode>mm</typeCode>
      <value>0.000 mm</value>
      <comment />
      <isKey>false</isKey>
    </ParamWithValue>
    <ParamWithValue>
      <name>d68</name>
      <typeCode>mm</typeCode>
      <value>0.000 mm</value>
      <comment />
      <isKey>false</isKey>
    </ParamWithValue>
    <ParamWithValue>
      <name>d69</name>
      <typeCode>mm</typeCode>
      <value>0.000 mm</value>
      <comment />
      <isKey>false</isKey>
    </ParamWithValue>
    <ParamWithValue>
      <name>d70</name>
      <typeCode>mm</typeCode>
      <value>10 mm</value>
      <comment />
      <isKey>false</isKey>
    </ParamWithValue>
    <ParamWithValue>
      <name>d71</name>
      <typeCode>mm</typeCode>
      <value>0.000 mm</value>
      <comment />
      <isKey>false</isKey>
    </ParamWithValue>
    <ParamWithValue>
      <name>d72</name>
      <typeCode>mm</typeCode>
      <value>0.000 mm</value>
      <comment />
      <isKey>false</isKey>
    </ParamWithValue>
    <ParamWithValue>
      <name>d73</name>
      <typeCode>mm</typeCode>
      <value>0.000 mm</value>
      <comment />
      <isKey>false</isKey>
    </ParamWithValue>
    <ParamWithValue>
      <name>d76</name>
      <typeCode>mm</typeCode>
      <value>0.000 mm</value>
      <comment />
      <isKey>false</isKey>
    </ParamWithValue>
    <ParamWithValue>
      <name>d80</name>
      <typeCode>mm</typeCode>
      <value>0.000 mm</value>
      <comment />
      <isKey>false</isKey>
    </ParamWithValue>
    <ParamWithValue>
      <name>d81</name>
      <typeCode>mm</typeCode>
      <value>0.000 mm</value>
      <comment />
      <isKey>false</isKey>
    </ParamWithValue>
    <ParamWithValue>
      <name>d83</name>
      <typeCode>mm</typeCode>
      <value>0.000 mm</value>
      <comment />
      <isKey>false</isKey>
    </ParamWithValue>
    <ParamWithValue>
      <name>d84</name>
      <typeCode>mm</typeCode>
      <value>0.000 mm</value>
      <comment />
      <isKey>false</isKey>
    </ParamWithValue>
    <ParamWithValue>
      <name>d85</name>
      <typeCode>mm</typeCode>
      <value>0.000 mm</value>
      <comment />
      <isKey>false</isKey>
    </ParamWithValue>
    <ParamWithValue>
      <name>d86</name>
      <typeCode>mm</typeCode>
      <value>0.000 mm</value>
      <comment />
      <isKey>false</isKey>
    </ParamWithValue>
    <ParamWithValue>
      <name>Container1_ADS</name>
      <typeCode>mm</typeCode>
      <value>1.0 mm</value>
      <comment>ADS</comment>
      <isKey>false</isKey>
    </ParamWithValue>
    <ParamWithValue>
      <name>Container2_ADS</name>
      <typeCode>mm</typeCode>
      <value>1.0 mm</value>
      <comment>ADS</comment>
      <isKey>false</isKey>
    </ParamWithValue>
    <ParamWithValue>
      <name>Container3_ADS</name>
      <typeCode>mm</typeCode>
      <value>1.0 mm</value>
      <comment>ADS</comment>
      <isKey>false</isKey>
    </ParamWithValue>
    <ParamWithValue>
      <name>Container4_ADS</name>
      <typeCode>mm</typeCode>
      <value>1.0 mm</value>
      <comment>ADS</comment>
      <isKey>false</isKey>
    </ParamWithValue>
    <ParamWithValue>
      <name>Container5_ADS</name>
      <typeCode>mm</typeCode>
      <value>1.0 mm</value>
      <comment>ADS</comment>
      <isKey>false</isKey>
    </ParamWithValue>
    <ParamWithValue>
      <name>Con1</name>
      <typeCode>mm</typeCode>
      <value>Container1_ADS * 100 oE</value>
      <comment />
      <isKey>false</isKey>
    </ParamWithValue>
    <ParamWithValue>
      <name>Con2</name>
      <typeCode>mm</typeCode>
      <value>Container2_ADS * 100 oE</value>
      <comment />
      <isKey>false</isKey>
    </ParamWithValue>
    <ParamWithValue>
      <name>Con3</name>
      <typeCode>mm</typeCode>
      <value>Container3_ADS * 100 oE</value>
      <comment />
      <isKey>false</isKey>
    </ParamWithValue>
    <ParamWithValue>
      <name>Con4</name>
      <typeCode>mm</typeCode>
      <value>Container4_ADS * 100 oE</value>
      <comment />
      <isKey>false</isKey>
    </ParamWithValue>
    <ParamWithValue>
      <name>Con5</name>
      <typeCode>mm</typeCode>
      <value>Container5_ADS * 100 oE</value>
      <comment />
      <isKey>false</isKey>
    </ParamWithValue>
    <ParamWithValue>
      <name>boolParam</name>
      <typeCode>Boolean</typeCode>
      <value>True</value>
      <comment />
      <isKey>false</isKey>
    </ParamWithValue>
  </parameters>
</ParamWithValueList>