<?xml version="1.0" encoding="utf-8"?>
<project xmlns="http://www.plcopen.org/xml/tc6_0200">
  <fileHeader companyName="Beckhoff Automation GmbH" productName="TwinCAT PLC Control" productVersion="3.5.13.21" creationDateTime="2022-08-12T17:36:56.3108408" />
  <contentHeader name="PlcMain" modificationDateTime="2022-08-12T17:36:56.3128405">
    <coordinateInfo>
      <fbd>
        <scaling x="1" y="1" />
      </fbd>
      <ld>
        <scaling x="1" y="1" />
      </ld>
      <sfc>
        <scaling x="1" y="1" />
      </sfc>
    </coordinateInfo>
    <addData>
      <data name="http://www.3s-software.com/plcopenxml/projectinformation" handleUnknown="implementation">
        <ProjectInformation />
      </data>
    </addData>
  </contentHeader>
  <types>
    <dataTypes />
    <pous>
      <pou name="FB_HeatingSystem" pouType="functionBlock">
        <interface>
          <inputVars>
            <variable name="bEnable">
              <type>
                <BOOL />
              </type>
            </variable>
            <variable name="bExecute">
              <type>
                <BOOL />
              </type>
            </variable>
            <variable name="nMaxTemp">
              <type>
                <UINT />
              </type>
            </variable>
            <variable name="nTemp">
              <type>
                <UINT />
              </type>
            </variable>
          </inputVars>
          <outputVars>
            <variable name="bVentilator1">
              <type>
                <BOOL />
              </type>
            </variable>
            <variable name="bVentilator2">
              <type>
                <BOOL />
              </type>
            </variable>
            <variable name="bVentilator3">
              <type>
                <BOOL />
              </type>
            </variable>
            <variable name="nHeizpatrone">
              <type>
                <UINT />
              </type>
              <initialValue>
                <simpleValue value="0" />
              </initialValue>
            </variable>
            <variable name="eStatus">
              <type>
                <derived name="State" />
              </type>
              <initialValue>
                <simpleValue value="State.Off" />
              </initialValue>
            </variable>
          </outputVars>
          <localVars>
            <variable name="nHeat">
              <type>
                <REAL />
              </type>
              <initialValue>
                <simpleValue value="0" />
              </initialValue>
            </variable>
            <variable name="timer">
              <type>
                <derived name="TON" />
              </type>
            </variable>
            <variable name="timer1">
              <type>
                <derived name="TON" />
              </type>
            </variable>
            <variable name="eState">
              <type>
                <derived name="StateHeat" />
              </type>
              <initialValue>
                <simpleValue value="StateHeat.Off" />
              </initialValue>
            </variable>
          </localVars>
        </interface>
        <body>
          <ST>
            <xhtml xmlns="http://www.w3.org/1999/xhtml">nHeizpatrone := TO_UINT(F_map(nHeat, 0, 5, 0, 16383));

IF NOT bEnable THEN
	eState:= StateHeat.Off;
END_IF

CASE eState OF
StateHeat.Off:
	eStatus := State.Off;
	
	bVentilator1 := FALSE;
	bVentilator2 := FALSE;
	bVentilator3 := FALSE;
	nHeat := 0;
	
	IF bEnable THEN
		eState := StateHeat.Init;
	END_IF
	
StateHeat.Init:
	eStatus := State.Busy;
	bVentilator1 := TRUE;
	bVentilator2 := TRUE;
	bVentilator3 := TRUE;
	
	IF nTemp &lt;= nMaxTemp THEN
		eState := StateHeat.Ready;
	END_IF

StateHeat.Ready:
	eStatus := State.Ready;
	
	nHeat := 0;
	
	IF bExecute THEN
		eState := StateHeat.Heat;
	END_IF

StateHeat.Heat:
	eStatus := State.Busy;
	
	nHeat := 5;
	
	IF nTemp &gt;= 3000 THEN
		nHeat := 0;
		eState := StateHeat.Hold;
	END_IF
	
StateHeat.Hold:
	eStatus := State.Busy;
	
	timer(IN := TRUE, PT := T#30S);
	
	IF nTemp &gt;= 3700 THEN
		nHeat := 0;
	ELSIF nTemp &lt;= 3500 THEN
		timer1(IN := TRUE, PT:= T#500MS);
		IF timer1.Q THEN
			timer1(IN := FALSE);
			nHeat := nHeat + 0.05;
			IF nHeat &gt;= 5 THEN
				nHeat := 5;
			END_IF
		END_IF	

	END_IF
	
	IF timer.Q THEN
		timer(IN := FALSE);
		nHeat := 0;
		eState := StateHeat.Done;
	END_IF	

StateHeat.Done:
	eStatus := State.Done;
	
	nHeat := 0;
	
	IF NOT bExecute THEN
		eState := StateHeat.Init;
	END_IF
	
END_CASE</xhtml>
          </ST>
        </body>
        <addData>
          <data name="http://www.3s-software.com/plcopenxml/interfaceasplaintext" handleUnknown="implementation">
            <InterfaceAsPlainText>
              <xhtml xmlns="http://www.w3.org/1999/xhtml">FUNCTION_BLOCK FB_HeatingSystem
VAR_INPUT
	bEnable : BOOL;
	bExecute : BOOL;
	
	nMaxTemp : UINT;
	nTemp : UINT;
END_VAR
VAR_OUTPUT
	bVentilator1 : BOOL;
	bVentilator2 : BOOL;
	bVentilator3 : BOOL;
	nHeizpatrone : UINT := 0;

	eStatus : State := State.Off;
END_VAR
VAR
	nHeat : REAL := 0;
	timer : TON;
	timer1 : TON;
	eState : StateHeat := StateHeat.Off;
END_VAR
</xhtml>
            </InterfaceAsPlainText>
          </data>
          <data name="http://www.3s-software.com/plcopenxml/objectid" handleUnknown="discard">
            <ObjectId>7c7b126e-8b79-4d92-8382-02f37357639c</ObjectId>
          </data>
        </addData>
      </pou>
    </pous>
  </types>
  <instances>
    <configurations />
  </instances>
  <addData>
    <data name="http://www.3s-software.com/plcopenxml/projectstructure" handleUnknown="discard">
      <ProjectStructure>
        <Object Name="FB_HeatingSystem" ObjectId="7c7b126e-8b79-4d92-8382-02f37357639c" />
      </ProjectStructure>
    </data>
  </addData>
</project>