﻿<?xml version="1.0" encoding="utf-8"?>
<project xmlns="http://www.plcopen.org/xml/tc6_0200">
  <fileHeader companyName="Beckhoff Automation GmbH" productName="TwinCAT PLC Control" productVersion="3.5.13.21" creationDateTime="2022-08-13T15:46:51.4562744" />
  <contentHeader name="PlcMain" modificationDateTime="2022-08-13T15:46:51.4582743">
    <coordinateInfo>
      <fbd>
        <scaling x="1" y="1" />
      </fbd>
      <ld>
        <scaling x="1" y="1" />
      </ld>
      <sfc>
        <scaling x="1" y="1" />
      </sfc>
    </coordinateInfo>
    <addData>
      <data name="http://www.3s-software.com/plcopenxml/projectinformation" handleUnknown="implementation">
        <ProjectInformation />
      </data>
    </addData>
  </contentHeader>
  <types>
    <dataTypes />
    <pous>
      <pou name="FB_Dispenser" pouType="functionBlock">
        <interface>
          <inputVars>
            <variable name="bEnable">
              <type>
                <BOOL />
              </type>
            </variable>
            <variable name="bExecute">
              <type>
                <BOOL />
              </type>
            </variable>
            <variable name="nDispenseGrams">
              <type>
                <INT />
              </type>
              <initialValue>
                <simpleValue value="1" />
              </initialValue>
              <documentation>
                <xhtml xmlns="http://www.w3.org/1999/xhtml"> Gewunschte Menge in Gramm</xhtml>
              </documentation>
            </variable>
          </inputVars>
          <outputVars>
            <variable name="eStatus">
              <type>
                <derived name="State" />
              </type>
              <initialValue>
                <simpleValue value="State.Off" />
              </initialValue>
            </variable>
          </outputVars>
          <inOutVars>
            <variable name="ax">
              <type>
                <derived name="AXIS_REF" />
              </type>
              <documentation>
                <xhtml xmlns="http://www.w3.org/1999/xhtml"> Referenz auf die NC-Achse</xhtml>
              </documentation>
            </variable>
          </inOutVars>
          <localVars>
            <variable name="fbReset">
              <type>
                <derived name="MC_Reset" />
              </type>
              <documentation>
                <xhtml xmlns="http://www.w3.org/1999/xhtml"> Fur NC-Achse notig</xhtml>
              </documentation>
            </variable>
            <variable name="fbPower">
              <type>
                <derived name="MC_Power" />
              </type>
            </variable>
            <variable name="fbMove">
              <type>
                <derived name="MC_MoveRelative" />
              </type>
            </variable>
            <variable name="nVelocity">
              <type>
                <INT />
              </type>
              <initialValue>
                <simpleValue value="720" />
              </initialValue>
              <documentation>
                <xhtml xmlns="http://www.w3.org/1999/xhtml"> Grad pro Sekunde</xhtml>
              </documentation>
            </variable>
            <variable name="fGramPerRev">
              <type>
                <REAL />
              </type>
              <initialValue>
                <simpleValue value="0.245" />
              </initialValue>
              <documentation>
                <xhtml xmlns="http://www.w3.org/1999/xhtml"> Skalierung auf Gramm pro ganzer Umdrehung (360 Grad)</xhtml>
              </documentation>
            </variable>
            <variable name="eState">
              <type>
                <derived name="StateDisp" />
              </type>
              <documentation>
                <xhtml xmlns="http://www.w3.org/1999/xhtml"> Status der Zustandsmaschine</xhtml>
              </documentation>
            </variable>
            <variable name="bAxPower">
              <type>
                <BOOL />
              </type>
            </variable>
            <variable name="bAxMove">
              <type>
                <BOOL />
              </type>
            </variable>
          </localVars>
          <documentation>
            <xhtml xmlns="http://www.w3.org/1999/xhtml"> Das ist die Musterlosung zur Steuerung einer Dosiereinheit.
 Library TC2_MC2 ist notig.</xhtml>
          </documentation>
        </interface>
        <body>
          <ST>
            <xhtml xmlns="http://www.w3.org/1999/xhtml">
// update axis
ax.ReadStatus();

// call NC FBs
fbReset(
	Axis:= ax);
fbPower(
	Axis:= ax, 
	Enable:= bAxPower, 
	Enable_Positive:= bAxPower, 
	Enable_Negative:= bAxPower, 
	Override:= 100);
fbMove(
	Axis:=ax,
	Execute:=bAxMove,
	Velocity:=nVelocity,
	Distance:= nDispenseGrams *360 / fGramPerRev);
	
	

IF NOT bEnable THEN
	eState := StateDisp.Off;
END_IF

CASE eState OF
StateDisp.Off:
	eStatus := State.Off;
	bAxMove := FALSE;
	bAxPower := FALSE;
	
	IF bEnable THEN
		eState := StateDisp.Reset;
	END_IF
StateDisp.Reset:
	eStatus := State.Busy;
	fbReset.Execute := TRUE;
	IF fbReset.Done THEN
		fbReset.Execute := FALSE;
		eState := StateDisp.PowerUp;
	END_IF
StateDisp.PowerUp:
	eStatus := State.Busy;
	bAxPower := TRUE;
	IF fbPower.Status THEN
		eState := StateDisp.Idle;
	END_IF
StateDisp.Idle:
	eStatus := State.Ready;
	bAxMove := FALSE;

	IF bExecute THEN
		eState := StateDisp.Dispensing;
	END_IF
StateDisp.Dispensing:
	eStatus := State.Busy;
	bAxMove := TRUE;
	
	IF fbMove.Done THEN
		eState := StateDisp.Done;
	END_IF
StateDisp.Done:
	eStatus := State.Done;
	bAxMove := FALSE;
	
	IF NOT bExecute THEN
		eState := StateDisp.Idle;
	END_IF
END_CASE</xhtml>
          </ST>
        </body>
        <addData>
          <data name="http://www.3s-software.com/plcopenxml/interfaceasplaintext" handleUnknown="implementation">
            <InterfaceAsPlainText>
              <xhtml xmlns="http://www.w3.org/1999/xhtml">// Das ist die Musterlosung zur Steuerung einer Dosiereinheit.
// Library TC2_MC2 ist notig.

FUNCTION_BLOCK FB_Dispenser
	VAR_INPUT
		bEnable					: BOOL;
		bExecute				: BOOL;
		nDispenseGrams			: INT := 1;		// Gewunschte Menge in Gramm
	END_VAR

	VAR_OUTPUT
		eStatus	: State := State.Off;
	END_VAR
	
	VAR_IN_OUT
		ax		: AXIS_REF; 			// Referenz auf die NC-Achse
	END_VAR

	VAR
		// Fur NC-Achse notig
		fbReset			: MC_Reset;
		fbPower			: MC_Power;
		fbMove			: MC_MoveRelative;
		
		// Parameter
		nVelocity			: INT := 720;		// Grad pro Sekunde
		fGramPerRev			: REAL := 0.245;		// Skalierung auf Gramm pro ganzer Umdrehung (360 Grad)
		
		// Working variables
		eState				: StateDisp;		// Status der Zustandsmaschine
		bAxPower			: BOOL;
		bAxMove				: BOOL;
END_VAR
	
// ----- Ende der Definition. Hier folgt der Code ------



</xhtml>
            </InterfaceAsPlainText>
          </data>
          <data name="http://www.3s-software.com/plcopenxml/objectid" handleUnknown="discard">
            <ObjectId>45b31251-7302-454e-ad8b-8a17ba762004</ObjectId>
          </data>
        </addData>
      </pou>
    </pous>
  </types>
  <instances>
    <configurations />
  </instances>
  <addData>
    <data name="http://www.3s-software.com/plcopenxml/projectstructure" handleUnknown="discard">
      <ProjectStructure>
        <Object Name="FB_Dispenser" ObjectId="45b31251-7302-454e-ad8b-8a17ba762004" />
      </ProjectStructure>
    </data>
  </addData>
</project>