<?xml version="1.0" encoding="utf-8"?>
<ParamWithValueList xmlns:xsd="http://www.w3.org/2001/XMLSchema" xmlns:xsi="http://www.w3.org/2001/XMLSchema-instance">
  <version>20080502</version>
  <parameterTypes>
    <ParamType>
      <typeName>Inventor</typeName>
      <typeCode>0</typeCode>
    </ParamType>
    <ParamType>
      <typeName>String</typeName>
      <typeCode>1</typeCode>
    </ParamType>
    <ParamType>
      <typeName>Boolean</typeName>
      <typeCode>2</typeCode>
    </ParamType>
  </parameterTypes>
  <parameters>
    <ParamWithValue>
      <name>d0</name>
      <typeCode>mm</typeCode>
      <value>0.000 mm</value>
      <comment />
      <isKey>false</isKey>
    </ParamWithValue>
    <ParamWithValue>
      <name>d1</name>
      <typeCode>mm</typeCode>
      <value>0.000 mm</value>
      <comment />
      <isKey>false</isKey>
    </ParamWithValue>
    <ParamWithValue>
      <name>d2</name>
      <typeCode>mm</typeCode>
      <value>0.000 mm</value>
      <comment />
      <isKey>false</isKey>
    </ParamWithValue>
    <ParamWithValue>
      <name>upperDistance</name>
      <typeCode>mm</typeCode>
      <value>2 mm</value>
      <comment>ADS</comment>
      <isKey>false</isKey>
    </ParamWithValue>
    <ParamWithValue>
      <name>d3</name>
      <typeCode>mm</typeCode>
      <value>upperDistance</value>
      <comment />
      <isKey>false</isKey>
    </ParamWithValue>
    <ParamWithValue>
      <name>d4</name>
      <typeCode>mm</typeCode>
      <value>0.000 mm</value>
      <comment />
      <isKey>false</isKey>
    </ParamWithValue>
    <ParamWithValue>
      <name>lowerDistance</name>
      <typeCode>mm</typeCode>
      <value>0 mm</value>
      <comment>ADS</comment>
      <isKey>false</isKey>
    </ParamWithValue>
  </parameters>
</ParamWithValueList>